"Who is the author of the short story ""All About a Dog""?",A.G. Gardiner.
"Besides being an essayist, in what other professional field was A.G. Gardiner well-known?",Journalism.
What is the primary setting of the story?,A bus on a bitterly cold night.
What specific breed of dog causes the conflict in the story?,A Pekinese dog.
How is the wind described at the beginning of the story?,"An east wind that ""cut like a knife""."
What was the younger woman wearing that often signals a high social status in the text?,Sealskin.
"What literary label does the narrator apply to the conductor, citing Mr. Wells?",The Resentful Employee.
"According to the narrator, what characterizes the ""Resentful Employee""?",A general vague grievance against everything and a particular grievance against passengers.
Why did the conductor have a particular grievance against the passengers?,They sat in his seat while he had to shiver at the door.
What was the conductor's specific demand regarding the Pekinese dog?,The woman must take the dog out of the bus.
What alternative did the woman offer the conductor instead of leaving the bus?,Her name and address.
Why did the woman refuse to sit on the top deck with her dog?,She had a cough and the harsh weather would endanger her life.
What action did the conductor take to halt the journey?,He pulled the bell to stop the bus and stepped onto the pavement.
How did the conductor view his moment of stopping the bus?,As a moment of triumph with the law on his side.
What was the general attitude of the passengers toward the conductor's actions?,They were angry and sided with the lady and the dog.
What was the dog's reaction to the heated argument occurring around it?,It sat blinking at the lights in happy unconsciousness of the rumpus.
How did the conductor react when a passenger asked for his number?,He provided it imperturbably.
What was the conductor's response when passengers demanded their fares back?,"""No fares back."""
What did the driver do while the bus was stopped during the standoff?,He remained in his seat and beat his arms across his chest for warmth.
How did the policeman respond to the passengers' appeals against the conductor?,"He stated that the conductor ""had his rules""."
To what did the narrator compare the conductor as he walked to and fro on the pavement?,A captain on the quarterdeck in the hour of victory.
What was the final outcome of the first standoff regarding the lady's position?,She eventually surrendered and went to the top deck.
What mechanical issue occurred after the bus finally restarted?,"The engine ""struck work"" or failed."
What did the lady with the dog do while the engine was being repaired?,She stole down the stairs and re-entered the bus.
What triggered the second standoff between the conductor and the woman?,The conductor saw the dog inside the bus after the engine was fixed.
"How does the narrator distinguish ""hard and fast"" rules?",They are rules that cannot be broken without danger to life and limb.
"What is the narrator's example of a ""hard and fast"" rule?",The rule of the road.
"According to the narrator, what is the nature of the rule regarding dogs on buses?",It is a rule for guidance to be applied with common sense.
The narrator claims rules should be observed in the _____ rather than the letter.,Spirit.
"According to the narrator, what should rules be mixed with for better implementation?",Goodwill and good temper.
How did the conductor respond to the narrator's advice at the end of the story?,"He took it well and said ""Good night"" amiably."
What major theme explores the tension between enforcing regulations and showing empathy?,Rigidity versus compassion.
The story highlights how authority can be challenged by _____.,Common man or ordinary individuals.
What does the sealskin lady's lady companion say to support her refusal to go upstairs?,She mentions that the lady already has a cough.
What phrase did the passengers use to describe the driver's support for the conductor?,"""They stick by each other."""
The narrator notes that rules are not a _____ to scourge passengers with.,Whip.
"How did the ""dashing young fellow"" behave when the standoff persisted?",He slipped away despite having previously declared he would stay all night.
What is the narrator's ultimate critique of the conductor's behaviour?,He kept the rule but broke its spirit.
What term describes the lady's final transition from resistance to the top deck?,Abject surrender.
"The bus conductor's ""cold malice"" was directed at which specific feature of the dog?",Its beady eyes.
"According to the transcript, why should rules be framed for the greater good?",To ensure they do not cause inconvenience or harm to the common public.
What was the narrator's role in the conflict?,He was a passenger and observer who eventually advised the conductor.
The narrator states that some rules are an authority for an _____ rather than a tool for punishment.,Emergency.
"In the story, what did the conductor do after the lady finally went upstairs the second time?","He stood ""sourly triumphant"" as he was discussed by the remaining passengers."
How is the young woman's companion described as he left the bus with her?,"He was the ""Young man"" who had sat as a silent witness to her rage."
The narrator tells the conductor that rules are meant for the _____ of the passengers.,Comfort.
What metaphorical description is used for the policemen watching the scene?,A group of statuary.
"Why did the conductor think he had the ""opportunity for which he had been waiting""?",He could exercise his power over passengers using a technicality of the rules.
"Which character is described as ""immovable as cold as the night and as hard as the pavement""?",The conductor.
The conflict in the story is reignited because the dog happens to _____.,Come downstairs.
"According to the Aspiring Minds transcript, the conductor's change in thinking allows the system to _____.",Restart or reboot.